hz2809	P001	
ms6538	P001	
kl3411	P002	
zq2177	P002	
ym2822	P002	
yc4125	P004	
jl6223	P004	
tc3210	P004	
qy2277	P005	
jy3249	P006	
qf2162	P006	
jt3368	P007	
al4372	P007	
fl2620	P007	
pa2636	P007	
xl3236	P007	
zt2310	P008	
jm5478	P008	
yd2662	P008	
qc2280	P008	
vwc2112	P008	
nr2861	P009	
id2378	P009	
rc3498	P009	
sz3096	P010	
ty2476	P010	
ml4812	P010	
gk2629	P010	
svs2141	P010	
xl3188	P011	
yl5093	P011	
nr2856	P011	
xl3228	P011	
sp4139	P013	
yz4306	P017	
zz2992	P017	
tv2299	P017	
zd2302	P017	
xg2397	P018	
sy3080	P018	
yy3256	P018	
wy2407	P018	
ry2447	P020	
xy2536	P023	
yd2658	P023	
zl3217	P023	
vs2809	P023	
ta2709	P023	
yx2770	P024	
wy2403	P024	
kd2867	P024	
xz3141	P024	
kw3007	P024	
yh3468	P026	
lc3678	P026	
seu2106	P026	
yg2882	P026	
yl5103	P026	
lz2848	P027	
yz4364	P027	
rb3633	P027	
bz2461	P028	
xz3143	P028	
xl3235	P028	
jz3489	P030	
lq2220	P032	
esl2170	P032	
yb2543	P032	
yz4376	P032	
ys3592	P032	
sg3408	P033	
xt2271	P033	
yf2632	P033	
yn2432	P033	
zz2979	P033	
xz3144	P034	
jl6245	P034	
zl3111	P035	
nv2397	P036	
zl3222	P036	
sc5085	P036	
kc3421	P036	
hy2758	P036	
yl5045	P037	
vm2690	P037	
zj2347	P037	
jy3259	P037	
sm5285	P037	
bb3037	P038	
zx2399	P038	
jz3533	P039	
mz2614	P040	
zy2515	P040	
yl5152	P040	
th2985	P040	
lx2302	P040	
wl2849	P041	
him2109	P043	
mz2933	P043	
yj2721	P043	
rm3949	P044	
yw3932	P046	
jy3248	P046	
xl3234	P047	
zq2198	P048	
xl3227	P048	
bg2779	P048	
xc2649	P048	
ah3354	P049	
xz3145	P051	
tz2543	P051	
az2726	P031	
cz2726	P004	
lq2217	P005	
mg4485	P013	
gz2343	P018	
yl5122	P022	
ny2334	P029	
xd2283	P039	
rg3452	P046	
aa5009	P019	
yh3507	P031	
wd2360	P030	
aa5001	P034	
sp4138	P035	
ld3028	P009	
zm2403	P006	
kk3585	P003	
svr2120	P016	
rb3623	P019	
jl6248	P030	
mf3511	P028	
sd3585	P006	
gs3204	P022	
pb2882	P019	
st3517	P043	
jw4264	P030	
jg4537	P039	
jl6259	P039	
jz3505	P029	
yz4322	P029	
yt2821	P009	
yg2887	P038	
nu2190	P001	
hw2894	P013	
zl3188	P029	
qh2263	P031	
mh4285	P031	
sew2196	P034	
ae2756	P044	
lz2852	P051	
am5927	P015	
bh2832	P020	
yz4283	P022	
kj2586	P003	
nz2365	P002	
zz2972	P011	
cp3295	P025	
zl3200	P027	
yz4340	P051	
zx2396	P013	
ih2396	P003	
ph2651	P015	
mt3625	P019	
jy3242	P044	
sc5098	P044	
pn2394	P049	
hs3371	P005	
ba2682	P022	
zr2252	P038	
ask2289	P005	
sg4130	P046	
zr2251	P047
sdj2129	P030	
cl4271	P033	
ql2461	P040		
