UNI,Project
aa5001,P034
aa5009,P047
ae2756,P044
ah3354,P049
al4372,P007
am5927,P009
ask2289,P047
az2726,P031
ba2682,P022
bb3037,P038
bg2779,P048
bh2832,P020
bz2461,P028
cl4271,P033
cp3295,P025
cz2726,P004
dpk2132,P015
esl2170,P032
fa2603,P005
fl2620,P007
gk2629,P010
gs3204,P022
gz2343,P018
him2109,P043
hs3371,P016
hw2894,P013
hy2758,P036
hz2809,P001
id2378,P009
ih2396,P003
jg4537,P039
jl6268,P035
jl6223,P004
jl6245,P034
jl6248,P030
jl6259,P039
jm5478,P008
jt3368,P007
jw4264,P030
jy3242,P044
jy3248,P046
jy3249,P006
jy3259,P037
jz3489,P030
jz3505,P029
jz3531,P041
jz3533,P039
kc3421,P036
kd2867,P024
kj2586,P003
kk3585,P003
kl3411,P002
km3823,P003
kw3007,P024
ky2512,P015
lc3678,P026
ld3028,P009
lq2217,P026
lq2220,P032
lx2302,P040
lz2848,P027
lz2852,P051
mf3511,P028
mg4485,P013
mh4285,P031
ml4812,P010
ms6538,P001
mt3625,P001
mz2614,P040
mz2933,P043
nr2856,P011
nr2861,P009
nu2190,P001
nv2397,P036
ny2334,P029
nz2365,P002
pa2636,P007
pb2882,P047
ph2651,P019
pn2394,P049
qc2280,P008
qf2162,P006
qh2263,P031
ql2461,P040
qy2277,P005
rb3623,P019
rb3633,P027
rc3498,P009
rg3452,P046
rm3949,P044
ry2447,P020
sc5085,P036
sc5098,P044
sd3585,P006
sdj2129,P044
seu2106,P003
sew2196,P034
sg3408,P033
sg4130,P019
sm5285,P037
sp4138,P035
sp4139,P013
st3517,P043
svr2120,P016
svs2141,P010
sy3080,P018
sz3096,P010
ta2709,P023
tc3210,P004
th2985,P040
tv2299,P017
ty2476,P010
tz2543,P051
vm2690,P037
vs2809,P023
vwc2112,P008
wd2360,P030
wl2849,P041
wy2403,P024
wy2407,P018
xc2649,P048
xd2283,P039
xg2397,P018
xl3188,P011
xl3227,P048
xl3228,P011
xl3234,P047
xl3235,P028
xl3236,P007
xt2271,P033
xy2536,P023
xz3141,P024
xz3143,P028
xz3144,P034
xz3145,P051
yb2543,P032
yc4125,P004
yd2658,P023
yd2662,P008
yf2632,P033
yg2882,P026
yg2887,P038
yh3468,P026
yh3507,P031
yj2721,P035
yl5045,P037
yl5093,P011
yl5103,P026
yl5116,P043
yl5122,P022
yl5152,P040
ym2822,P002
yn2432,P033
ys3592,P032
yt2821,P009
yw3932,P046
yx2770,P024
yy3256,P018
yz4283,P022
yz4306,P017
yz4322,P029
yz4340,P051
yz4364,P027
yz4376,P032
zd2302,P017
zj2347,P037
zl3111,P035
zl3188,P029
zl3200,P027
zl3217,P023
zl3222,P036
zm2403,P006
zq2177,P002
zq2198,P048
zr2251,P034
zr2252,P038
zt2310,P008
zx2396,P013
zx2399,P038
zy2515,P040
zz2972,P011
zz2979,P033
zz2992,P017
zz3009,P005